Nuclear energy is undergoing a renaissance. Across Europe, governments are pouring huge amounts of money into new power plants while startups are busily working on smaller, modular alternatives. Most of these plants rely on uranium, the radioactive metal tha
The United States combats a stagnant nuclear supply chain as adversaries like Russia and China build their capacity for nuclear energy.
Nuclear power helped small countries like Armenia to cut dependence on fossil fuels and autocrats. Europe should do the same.
A Chinese company has developed a radioactive battery that could output energy for 50 years and plans to one day bring this technology to phones and other consumer electronics.
Nuclear can look to the aviation industrys model, which certifies aircraft, subject to strict and uniform standards, across countries.
There's a long, nasty history of uranium mining on Native lands but the company says this time is different.
From a multilateral agreement to triple global nuclear energy production at COP28 to the powering on of dormant reactors worldwide, 2023 was undoubtedly the year of nuclear power. However, without meaningful regulatory reforms, theyearssuccess could be an 
In the movie Bananas, product tester Fielding Mellish (Woody Allen) seeks to impress his left-wing girlfriend Nancy (Louise Lasser) by joining a revolution in the South American country of San Marcos. The rebels oust military dictator Gen. Emilio Vargas (Carl
There is great potential for several new uranium production markets as the U.S. and Europe look to diversify away from Russia for new nuclear energy pursuits. The U.S. and several European countries have announced ambitious nuclear power plans for the coming 
France witnessed a record-breaking year for business closures in 2023, with over 55,000 companies shutting down, according to data compiled by the Bank of France as of December. The statistics, released by the regulator on Saturday, reveal that an average of 
RICHLAND, Wash., Jan. 10, 2024 (GLOBE NEWSWIRE) -- Energy Northwest today announced an agreement with Bellevue-based Puget Sound Energy to accelerate the agencys program examining the feasibility of developing and deploying a next-generation nuclear energy f
BERKELEY, Calif., Jan. 22, 2024 (GLOBE NEWSWIRE) -- Todays news that President Biden will not resubmit former Commissioner Jeff Barans nomination to the Nuclear Regulatory Commission marks a watershed for efforts to modernize the NRC and for Congressional 
(marketscreener.com) Agreement to assess feasibility of small modular reactors for Alberta gridEDMONTON, Alberta, Jan. 15, 2024 -- Capital Power Corporation and Ontario Power Generation have entered into an agreement to jointly assess the development and depl
Eric Worrall - This rally starts just over ONE HOUR from now. Anyone who attends please post photo links in the comments below, with permission for us to use them.
The BV100 micro nuclear energy battery is said to provide 100 mW at 3V continuously without recharge or any maintenance for 50 years. Despite using the radioactive nickel-63 isotope, the battery can safely power even pacemakers inside the human body and is en
But critics say the administration is ignoring a key source of a special kind of nuclear fuel.
Kris Singh, the American businessman and car collector, has amassed an impressive net worth through his successful career and astute investments. With a fortune estimated at $200 million, Singhs financial status reflects his expertise in the world of finance
All Global Research articlescan be read in 51 languages by activating theTranslate Websitebutton below the authors name (only available in desktop version). To receive Global Researchs Daily Newsletter (selected articles),click here. Click the share but
(marketscreener.com) NEWARK,N.J., Jan. 24, 2024 /PRNewswire/ -- Public Service Enterprise Group Incorporated today announced that Ricardo G. Prez has been elected to its Board of Directors, effective January 22, 2024.       Prez's...https://www
Welcome to our article on the most expensive precious metals in 2024. In this insightful piece, we will explore the valuable metals that hold significant market value, investment potential, and industrial applications. From the rare and costly rhodium to the 
(marketscreener.com) Steps Will Reduce Cost Base, Refocus Company Resources on Key Strategic Areashttps://www.marketscreener.com/quote/stock/NUSCALE-POWER-CORPORATION-137238735/news/NuScale-Power-Positions-Company-for-Next-Phase-of-Growth-45691071/?utm_med
As we stand on the precipice of 2024, the technology trends landscape is poised for unprecedented advancements that will redefine the way businesses operate and innovate. Embracing these trending technologies is not just a choice; its a strategic imperative 
Gen. Jack Keane, also known as John M. Jack Keane, is a retired four-star general who served as the Vice Chief of Staff of the United States Army. He is currently working as a Fox News senior strategic analyst and is the head of the Institute for the Study 
Dublin, Jan. 26, 2024 (GLOBE NEWSWIRE) -- The "Nuclear Reactor Decommissioning Market Report 2023-2033" report has been added to ResearchAndMarkets.com's offering.Overall world revenue for Nuclear Reactor Decommissioning Market was forecast to surpass US$78.8
Agreement to assess feasibility of small modular reactors for Alberta grid Agreement to assess feasibility of small modular reactors for Alberta grid
As artificial intelligence becomes more science fact than science fiction, its governance can't be left to the whims of a few people.
(marketscreener.com) Bilbao, Spain, January 30, 2024.- Virtualware , the European leader in virtual reality has signed a partnership agreement withGE21 Realidade Virtual to boost VIROO's presence in Brazil. The Brazilian VR company, which is part of the GE21
Bilbao, Spain, January 30, 2024.- Virtualware (EPA: MLVIR), the European leader in virtual reality has signed a partnership agreement withGE21 Realidade Virtual to boost VIROO's presence in Brazil.
The initial nuclear battery developed by Betavolt delivers 100 microwatts of power and has a voltage of 3V, while measuring a tiny 15x15x5 cubic millimeters. The company plans to produce a battery with 1 watt of power by 2025. The small size of these batterie
PALM BEACH, Fla., Jan. 10, 2024 (GLOBE NEWSWIRE) -- FN Media Group News Commentary - Nuclear power is becoming a more dependable and scalable energy source due to the worlds growing demand for electricity, particularly in emerging economies. Thus, the market
Bilbao, January 24 - European Virtual Reality company Virtualware (MLVIR.PA) (EPA:MLVIR), reported record total revenues of 4.52 million in 2023, 40% more than in the previous year, just nine months after its IPO on Euronext Access Paris.
(marketscreener.com) Bilbao, January 24 - European Virtual Reality company Virtualware , reported record total revenues of 4.52 million in 2023, 40% more than in the previous year, just nine months after its IPO on Euronext Access Paris. This growth is mainl
Are you thinking of starting a business in Florida? Understanding the process of obtaining a business license is crucial for legal operation. While Florida doesnt require a statewide business operating license, certain occupations and industries may need sta
Microsoft hired Archana Archie Manoharan as the Director of Nuclear Technologies to explore small-scale atomic reactors as an alternative energy source for its data centers. She formerly worked as the Director of Nuclear Strategy & Programs at Ultra Safe Nu
(marketscreener.com) -Company and its North American commercial partner, RC14, commenced the processing of feedstock for enriched Carbon-14 during December 2023. -Continues to expect to generate revenues and cash flow from highly enriched Carbon-14 during 1H 
Open access notablesAcceleration of the ocean warming from 1961 to 2022 unveiled by large-ensemblereanalyses, Storto & Yang,Nature Communications:OHC [ocean heat content] increases heavily threaten the marine environment, therefore, reconstructing OHC be
The DOE is offering contracts for the production of a uranium fuel for smaller nuclear reactors.
Roadmap sets out how UK will increase nuclear generation by up to 4 times to 24GW by 2050.
Stainless steel, which was developed in England in 1913, has a high tensile strength and resists abrasion, corrosion, and rust because of its high chromium content. Over 150 grades of this iron-carbon alloy now exist, and it is widely used to make cookware, c
New potato varieties with high yieldsnation.africa
TOKYO, Jan. 9 (Xinhua) -- After a powerful 7.6-magnitude earthquake rocked central Japan on New Year
