according,advertising,approach,avoid,based,best,business,care,certain,choose,cnet,company,compensation,conflict,credit,criterion,dont,earn,editor,editorial,energy,environmental,evidence,example,factor,finance,financial,firearm,florida,focus,food,fund,goal,good,hartill,impact,including,individual,industry,invest,investing,investment,investor,life,link,long,longtime,look,make,matter,money,mutual,number,peer,penny,people,personal,positive,practice,previously,product,profit,project,rank,receive,responsible,return,service,social,strategy,strive,sustainability,sustainable,sustainably,syndicated,team,term,theme,tobacco,unethical,university,value,woman,work,working,world,writer,wrote,yahoo,york,youre
accident,british,build,business,called,candidate,centre,chief,chris,city,college,commercial,company,computer,configured,constructed,construction,contains,continuing,contract,cooling,data,dealing,decided,decline,deep,deploy,design,developer,developing,firm,gitt,imperial,london,major,multiple,nuclear,nuscale,office,officer,oklo,online,operated,operational,operator,outside,people,plant,power,powered,problem,product,purpose,question,reactor,realty,recycle,regulating,regulation,reveal,risk,roll,royce,self,sharp,signed,small,smrs,specialist,spencer,spinning,stainless,steel,study,tank,teaching,tech,technology,time,today,town,training,university,viability,view,want,warehouse,waste,year
activity,agency,amend,brain,called,change,chip,colorado,columbia,company,comprehensive,computer,considering,constitution,context,country,created,data,device,energy,expert,federal,free,genser,global,group,happening,harvest,human,image,include,international,just,later,legislation,level,like,making,manipulate,medical,mental,million,mind,morningside,mouse,nation,national,need,neural,neuron,neurorights,neurotech,neurotechnology,optogenetics,paper,paralyzed,passed,patenting,path,patient,pattern,peace,penalty,perception,possibility,power,privacy,protect,read,regulation,right,scan,soon,state,subject,support,thats,thought,today,transmit,treaty,tutu,updating,used,using,visual,want,world,year,yuste
according,advanced,agreement,approach,area,atkinsralis,award,benefit,billion,build,canada,candu,china,commercial,company,component,construction,contract,core,cost,country,december,delay,demonstration,department,design,development,dutch,effort,electricity,energy,eprs,erginbilgic,firm,fuel,funding,generation,government,hermes,hualong,including,increase,india,industry,investment,kairos,korea,lead,make,manufacturing,market,minister,modular,nation,npcil,nuclear,nucnet,owned,plan,plant,policy,power,president,private,project,province,reactor,report,roll,romania,royce,said,sector,service,share,significant,site,small,smrs,south,state,station,step,support,technology,time,trade,unit,water,westinghouse,year
ability,according,achieve,activist,america,american,area,blackout,bryce,build,built,california,climate,closure,coal,compared,consume,country,credit,damage,demand,dependent,documentary,electric,electricity,emission,energy,europe,european,existing,facility,fatal,generation,germany,going,grid,having,heating,home,infrastructure,just,land,long,make,meet,mile,natural,need,network,nuclear,open,outage,people,percent,plan,plant,power,price,reach,reactor,reduction,region,regulation,regulator,reliability,report,require,retreat,rolling,said,seeing,shift,size,solar,source,state,stated,supply,term,texas,thousand,time,transition,transmission,trifecta,typically,united,utility,warning,weather,wind,zero
able,animal,area,bureaucratic,cancer,cara,chernobyl,close,collar,come,concerning,conducting,considered,couldve,culling,daily,data,deadly,death,decade,deemed,developed,disaster,eventually,exposed,home,human,level,love,measure,mutation,note,nuclear,obtained,official,outlet,patient,people,perished,plant,plenty,population,positive,possibly,power,prevention,princeton,proliferation,radiation,ramification,reduce,region,research,researchincluding,result,risk,safe,said,scientist,scrambled,similar,sits,situation,soviet,spent,square,stemmed,struck,subjected,surrounding,team,test,theyll,theyre,theyve,thousand,threat,time,toll,traced,trait,treatment,ukraine,unable,undergoing,unfolded,whove,wildlife,wolf,woodland,work,worse,worst,year
accelerate,battery,benefit,bloc,christophe,clean,comment,commission,component,comprehensive,concretely,condemn,confirmed,council,decarbonisation,energy,european,included,industry,leyen,like,list,manufacturing,mean,member,modular,month,nature,needed,negotiation,negotiator,november,nuclear,nzia,outlined,panel,paris,parliament,party,people,permitting,plan,power,president,procedure,producing,production,programme,project,proposed,publicly,pump,ranging,rapporteur,reactor,reduction,relating,renew,renewable,response,scrap,seek,simplified,single,site,situation,small,smaller,smrs,solar,standing,state,status,strategic,subsidy,support,supporter,talk,technology,tested,text,tier,took,tried,trilogues,tuesday,unfortunate,uproar,ursula,welcomed,zero
apparently,area,article,assist,away,best,bureaucrat,burning,centralized,choice,community,company,connected,continue,continues,contract,contribution,control,cost,decade,delivery,easy,efficient,electricity,energy,english,environment,esims,evacuation,example,explore,individual,japan,japanese,join,know,like,limit,little,local,make,matter,maximize,meaning,mention,meter,mobal,nuclear,nuke,number,owner,phone,plant,politician,possible,power,profit,property,public,rarely,reached,real,receive,reliable,renewable,repeated,revealed,rise,service,shika,shown,sims,solution,speaker,stay,subsided,support,supposed,thing,tilted,today,tokyoeven,tourist,true,tsunami,used,various,vote,wall,wave,went,willing
america,arch,attacked,backed,brought,cancer,diagnosis,directly,enemy,group,hamas,iran,iranian,iraq,israel,lebanon,militant,monarchy,october,region,shakespearean,situation,state,striking,syria,today,tragedy,united,year,yemen
afghanistan,agreement,allowed,american,argument,article,attack,attacking,better,build,bush,claim,come,country,course,crime,damage,defense,democracy,dont,energy,environmental,excuse,fact,false,fought,getting,global,good,government,ground,iaea,including,iran,iranian,iraq,israel,israeli,just,justification,killing,like,long,look,make,material,mention,military,nation,nuclear,obama,option,people,point,power,president,press,program,providing,public,pushed,real,really,research,resistance,said,sanction,site,state,stop,terrorism,thats,think,time,told,troop,trump,typical,united,used,want,washington,weapon,world,year
activity,advance,agency,agreement,application,approach,artificial,authority,based,blanket,capability,center,coil,collaborating,commercial,commercialization,company,control,controller,cycle,data,department,deployment,design,developing,development,energy,engineering,facility,field,focused,fuel,fusion,future,high,iaea,including,infinity,information,initiative,instability,intelligence,kyoto,laboratory,learning,machine,magnetic,model,national,nuclear,obstacle,path,performance,physic,pilot,plant,plasma,potential,power,press,princeton,program,project,provide,reaction,reactor,reinforcement,research,said,science,state,statement,stellarator,stellarators,support,team,tearing,technology,tennessee,time,tokamak,tritium,type,ukaea,ukaeas,united,university,used,using,year
adding,agriculture,assumption,away,billion,bloodline,carbon,change,climate,collapse,come,comfortable,compensation,country,dangerous,devastating,displacement,domino,doomed,ecosystem,effect,enquire,environmental,eventually,extremely,face,financial,fortune,founder,future,impact,including,instead,know,left,level,life,limited,link,living,looking,loss,maintained,managed,mass,medium,microsoft,notice,offer,outcome,passing,people,person,planet,plunged,point,pollution,poor,poverty,preventing,problem,product,progress,promising,really,receive,registered,richest,ritchie,ruined,said,scientist,service,seventh,shes,signal,society,speed,subject,tackle,thereand,trademark,traveled,trigger,unchecked,virtually,want,warned,website,world,worst,wouldnt
advanced,advantage,aerodynamic,africa,agreement,anticipated,applicable,application,approval,aspi,atomic,based,belief,believe,benefit,billion,chain,climate,company,construction,cost,current,customer,dedicated,demand,development,energy,enrich,enriched,enrichment,entered,environmental,exchange,expected,facility,factor,forward,fuel,future,goal,green,haleu,healthcare,help,industry,isotope,issue,leap,license,lithium,location,looking,lowest,management,material,method,metric,multiple,nickel,nuclear,potential,previously,price,process,produce,production,provide,providing,public,pursuant,quantity,quantum,reactor,regarding,regulatory,related,required,result,right,risk,service,spin,statement,subject,substantial,supply,tail,technology,uncertainty,update,uranium,ytterbium
agreement,agriculture,carbon,chinese,climate,come,commission,country,deal,economy,emission,energy,environment,environmental,esmc,euractiv,europe,european,executive,existing,expected,fanaticism,farmer,forward,fossil,france,fuel,german,germany,goal,government,greater,green,group,industrial,industry,like,manufacturing,measure,meeting,mercosur,module,monday,need,nord,nuclear,objective,parisian,parliament,party,phase,place,plan,plant,pledge,policy,power,prepared,producer,proposal,protest,range,reach,read,removal,result,right,said,saying,sector,slovak,solar,story,stream,swedish,target,tariff,told,trade,truck,unit,vehicle,warned,week,welcome,westinghouse,year,zero
according,actually,added,additional,affect,agricultural,american,attack,capability,cause,cell,cold,concern,constellation,control,cosmonaut,cover,cripple,dabbling,debris,defense,deployed,destruction,detonating,detonation,development,device,harrison,just,life,lipped,lost,make,mean,microwave,military,missile,moscow,mull,musk,navigation,nuclear,nuke,particular,peer,phone,physical,pondered,position,power,range,relation,replaced,right,russia,russian,said,satellite,sector,senior,ship,shipping,shot,similar,smaller,space,spiral,starlink,station,taking,target,theyre,thing,think,thought,threaten,tight,todd,transportation,triggering,ukraine,underscored,unlike,used,using,vulnerable,warned,washington,weapon,weaponry
active,adaptability,addition,alongside,analysis,analytics,announced,annual,article,asset,available,away,believe,buyer,chart,comprehensive,couple,emea,etps,freely,fund,global,globally,growth,industry,information,innovation,insight,investment,investor,issuer,listed,management,market,morgan,mutual,nearly,need,offer,offering,opportunity,outcome,overview,paris,particularly,partner,partnership,performance,philippe,phrase,planning,platform,potential,prediction,present,president,private,produce,product,professional,provides,purchase,quality,range,regulator,reinforcing,release,remain,report,research,result,risk,role,rotate,said,seeing,starting,state,strategy,street,survey,trackinsight,transformative,travis,trend,underscore,unlisted,unveils,updated,used,worldwide,year
address,automotive,challenge,chip,comfort,company,development,device,differentiate,diverse,driver,electronic,enhance,evolving,feature,foundry,fully,glass,global,greater,ground,hold,home,homeowner,implication,india,industry,initiative,innovation,intel,intels,interior,investment,jammer,landscape,launch,like,manufacturer,manufacturing,market,measure,mechanical,microsoft,microsofts,million,nano,network,nuclear,nvidia,nvidias,opportunity,particularly,pivotal,plant,player,position,potential,power,printed,process,promise,radiation,realm,recall,recent,researcher,reshaping,response,revolutionize,ring,risk,role,safety,sector,security,semiconductor,sensor,server,significant,smart,software,solenoid,strategic,tech,technology,tesla,vehicle,wearable,world
able,achieved,advancement,atom,basic,battery,build,bull,clean,climate,close,coal,come,commercial,company,confinement,current,deuterium,electricity,energy,experiment,facility,fission,fossil,fuel,fusion,future,gain,gallon,generate,generated,generation,happens,help,hydrogen,just,laser,like,maintain,mean,milestone,million,month,national,natural,nature,necessary,need,needed,neutron,nuclear,ornl,plant,power,problem,produce,production,project,prototype,radioactive,rare,reach,reaction,reactor,release,research,ridge,self,site,solve,source,star,stellerator,step,story,sustaining,technology,temperature,tennessee,thats,think,time,tokamak,tritium,type,viability,work,year,zero
activist,article,attacked,billion,brexit,britain,british,called,campaign,candidate,change,channel,climate,coal,danczuk,democrat,denial,denier,donaldson,dropped,earlier,energy,exploration,extraction,fails,farage,following,form,fossil,fringe,fuel,galloway,george,government,green,greta,iain,ideology,incited,independent,invest,investment,labour,liberal,licensing,like,major,misinformation,month,north,online,party,path,people,plan,pledge,policy,post,presenter,president,publicly,received,record,reduce,referendum,reform,renewable,right,rochdale,russia,said,scale,scaled,science,secure,spiked,spread,standing,support,target,thunberg,tice,time,troop,want,wrote,year,zero
additionality,advocate,based,carbon,clean,climate,comment,community,constellation,cost,credit,curtailed,department,development,diverted,draft,early,electricity,electrolysis,electrolyzers,emission,energy,ensure,environmental,especially,exemption,existing,fossil,fuel,funded,generation,greenhouse,grid,group,hourly,hydrogen,illinois,incentive,including,increase,industry,just,justice,letter,loophole,machh,matching,midwest,needed,nuclear,organization,overall,pillar,plan,plant,point,pollution,possible,power,produce,produced,production,project,proposed,provide,receive,renewable,renewables,report,requirement,resource,rule,said,saying,sent,seven,site,solar,solution,state,strict,texas,time,treasury,used,wind,york,zero
administration,alabama,america,american,best,better,biden,brown,continues,country,demand,democrat,despite,doesnt,economy,efficient,energy,energyand,farley,ferry,fossil,fuel,generating,good,grid,home,improve,island,know,largest,learn,majority,mile,nation,natural,need,nuclear,outdated,outside,overdue,panic,past,people,permitting,placing,plant,play,policy,politician,politics,poll,pollutant,power,powerand,powered,president,price,priority,problem,production,reactor,rely,role,simply,solar,solution,source,state,support,time,turn,understands,unparalleled,unreliable,valley,voter,want,warm,week,wind,wing,winter,wiregrass,wont,worker,working,world,year,zero
away,better,business,chemical,climate,commission,company,complex,crisis,deal,economic,emission,energy,europe,european,existential,existing,fossil,fuel,future,green,ignoring,impossible,increased,industry,innovation,leader,life,lower,manufacture,market,meet,meeting,mineral,modern,modernize,money,naive,natural,nearly,necessary,need,needed,nuclear,objective,operate,opportunity,originate,outcome,outsourcing,overlook,overwhelming,people,planet,play,policy,policymakers,poll,positive,posse,power,present,preserved,president,producer,product,proposal,prosper,prosperity,prosperous,publicly,reality,refinement,requires,role,sector,simply,society,speak,speed,state,stringent,stuck,supply,technology,transition,truth,turbine,unprofitable,want,wind,younger
actual,advanced,aerodynamic,announced,anticipated,applicable,application,aspi,assurance,atomic,based,change,common,company,compliance,condition,control,conversion,convertible,date,dedicated,deliverable,development,differ,energy,enrichment,equity,event,factor,forward,future,healthcare,industry,information,initial,isotope,leap,looking,mass,material,maturity,molybdenum,multiple,note,offer,offering,outside,owned,pending,performance,person,plan,predict,press,pretoria,previously,price,prior,process,produce,producing,product,production,projection,proposed,proprietary,public,publicly,quantum,related,release,result,risk,sale,security,separation,shall,share,solicitation,state,statement,subject,technology,time,transaction,uncertainty,united,unless,visitwww
american,area,broken,city,cost,diverse,doctor,dollar,expensive,food,francisco,hawker,like,lived,living,malaysia,month,moved,moving,navy,nearly,need,night,noodle,nuclear,occasionally,office,opportunity,order,overall,owning,people,place,pork,portion,price,private,quite,rapid,really,recently,rent,rice,right,room,salary,sell,selling,singapore,singaporean,soup,south,spicy,stall,stand,stare,stationed,street,studied,submarine,surrounding,taxi,technology,telling,tenderloin,tesla,think,thousand,time,toll,took,train,transit,unless,using,usually,various,visited,went,work,worked,working,world
aliyev,apartment,armenia,armenian,authority,azerbaijan,building,built,cancer,chernobyl,cold,common,country,crisis,currently,danger,dark,death,decade,design,disaster,earthquake,electricity,energy,european,experience,export,followed,fossil,freezing,fuel,government,half,hour,impact,important,industry,karabakh,like,living,long,love,megawatt,metsamor,mistake,nagorno,natural,need,nuclear,open,option,past,percent,plant,population,power,president,public,radiation,radioactive,reactor,regime,region,related,reliance,russia,russian,security,severe,shut,sister,small,social,source,soviet,started,state,studied,study,suddenly,support,threat,truth,turned,understanding,vver,water,western,winter,year
according,advertising,approach,avoid,based,best,business,care,certain,choose,cnet,company,compensation,conflict,credit,criterion,dont,earn,editor,editorial,energy,environmental,evidence,example,factor,finance,financial,firearm,florida,focus,food,fund,goal,good,hartill,impact,including,individual,industry,invest,investing,investment,investor,life,link,long,longtime,look,make,matter,money,mutual,number,peer,penny,people,personal,positive,practice,previously,product,profit,project,rank,receive,responsible,return,service,social,strategy,strive,sustainability,sustainable,sustainably,syndicated,team,term,theme,tobacco,unethical,university,value,woman,work,working,world,writer,wrote,yahoo,york,youre
accident,account,accounting,alternative,amid,appears,associated,attitude,biggest,coal,collision,concern,considering,constructing,country,deadly,death,decade,dependence,disaster,electricity,energy,france,fuel,fukushima,fully,fund,germany,gigawatt,giving,global,government,greenest,greenhouse,growing,hour,including,just,make,nuclear,plant,pollution,power,price,problem,process,produce,production,profile,reactor,reliance,remain,remaining,remains,renewables,rule,russia,russian,safe,safer,safest,share,shifting,shock,site,soaring,solar,source,storage,supplier,tenth,terawatt,time,tonne,total,transform,transportation,turbine,turn,ukraine,used,vogue,waste,west,wind,workplace,world,year
actively,address,agency,agriculture,application,bernama,changed,conducted,daily,dangerous,darmawan,depends,director,energy,environment,example,field,food,general,implementation,industry,involved,launched,line,malaysian,manufacturing,medicine,mosti,national,needed,negative,nuclear,opening,peaceful,people,perception,policy,problem,produce,programme,promotion,purpose,related,reported,researcher,rosli,safety,said,sector,security,september,solve,solving,study,suitable,targeted,technology,true,tuesday,various,welcome
according,advanced,agreement,approach,area,atkinsralis,award,benefit,billion,build,canada,candu,china,commercial,company,component,construction,contract,core,cost,country,december,delay,demonstration,department,design,development,dutch,effort,electricity,energy,eprs,erginbilgic,firm,fuel,funding,generation,government,hermes,hualong,including,increase,india,industry,investment,kairos,korea,lead,make,manufacturing,market,minister,modular,nation,npcil,nuclear,nucnet,owned,plan,plant,policy,power,president,private,project,province,reactor,report,roll,romania,royce,said,sector,service,share,significant,site,small,smrs,south,state,station,step,support,technology,time,trade,unit,water,westinghouse,year
alternative,aren,billion,cent,change,climate,coalition,cost,disappointed,dutton,election,energy,exactly,fight,focus,given,government,industrial,involved,labor,leader,liberal,minister,need,nemesis,night,nuclear,opposition,option,original,overhaul,peter,plan,playing,pledged,policy,potentially,power,preferred,prime,principle,privately,project,promise,promising,proposal,prospect,provision,pushing,question,quite,raised,rate,reactor,receive,regional,regressive,reinstating,relation,renewables,returning,roll,safe,scott,seat,second,seen,shadow,shameful,significant,spending,stage,subsidised,suggesting,superannuation,support,talking,viable,vote,want,wanted,warfare,week,white,wind,year
able,animal,area,bureaucratic,cancer,cara,chernobyl,close,collar,come,concerning,conducting,considered,couldve,culling,daily,data,deadly,death,decade,deemed,developed,disaster,eventually,exposed,home,human,level,love,measure,mutation,note,nuclear,obtained,official,outlet,patient,people,perished,plant,plenty,population,positive,possibly,power,prevention,princeton,proliferation,radiation,ramification,reduce,region,research,researchincluding,result,risk,safe,said,scientist,scrambled,similar,sits,situation,soviet,spent,square,stemmed,struck,subjected,surrounding,team,test,theyll,theyre,theyve,thousand,threat,time,toll,traced,trait,treatment,ukraine,unable,undergoing,unfolded,whove,wildlife,wolf,woodland,work,worse,worst,year
according,believe,campaign,carolina,columbia,company,cost,country,critical,decade,demand,didnt,dont,drive,election,employee,energy,equity,expensive,fabrication,facility,fact,factory,failed,filed,financial,fossil,free,fuel,future,giant,hand,hard,head,help,high,hire,hitting,huffpost,ibew,industrial,industry,informed,international,investigation,isnt,journalism,just,labor,load,money,month,need,news,nuclear,organizing,owned,paywalls,people,plant,poll,power,presidential,private,push,race,reactor,renewable,reported,represented,republican,retreat,said,south,stake,state,story,support,time,touched,typically,union,voter,watt,westinghouse,work,worker,workforce,year
australia,australian,barossa,climate,community,council,electricity,energy,environment,establish,farmer,farming,fight,focus,future,gmail,government,grant,grassroots,group,head,high,hotmail,hunter,inquiry,investment,jacinta,kilkivan,kind,know,land,large,limited,line,located,lore,mainstream,make,mccallum,medium,meeting,message,money,morris,murray,nation,national,network,nick,north,nren,nuclear,ocean,offshore,opponent,opposition,organisation,parliament,people,peter,piper,place,politician,population,power,president,price,project,proxy,rally,rational,reckless,reliable,renewable,renewables,rollout,senate,senator,single,small,solar,sponge,turbine,wind,zero,zone
armored,battalion,civilian,combat,corp,country,defense,division,doing,educated,europe,exercise,force,forward,government,group,infantry,international,invasion,iron,just,latvia,lead,leadership,life,like,limited,lithuania,live,lloyd,loader,long,lose,main,mean,member,merely,military,missile,mission,multinational,nation,nato,nazi,need,neighboring,netherlands,noted,nuclear,occupation,official,order,orphan,overlord,panther,peaceful,people,poland,population,president,push,putin,reason,russia,russian,said,secretary,security,spear,stake,state,stopped,strength,strike,support,supported,supporting,tactic,taking,tank,targeting,team,territorial,thing,training,ukraine,ukrainian,united,wallander,want
afghanistan,agreement,allowed,american,argument,article,attack,attacking,better,build,bush,claim,come,country,course,crime,damage,defense,democracy,dont,energy,environmental,excuse,fact,false,fought,getting,global,good,government,ground,iaea,including,iran,iranian,iraq,israel,israeli,just,justification,killing,like,long,look,make,material,mention,military,nation,nuclear,obama,option,people,point,power,president,press,program,providing,public,pushed,real,really,research,resistance,said,sanction,site,state,stop,terrorism,thats,think,time,told,troop,trump,typical,united,used,want,washington,weapon,world,year
approx,atom,bigger,called,carbon,celsius,commercial,constructed,create,current,deficit,design,deuterium,doughnut,electricity,energy,experiment,facility,field,fission,function,fusion,future,greatest,hotter,hydrogen,inside,isotope,just,like,lived,magnet,magnetic,managed,mega,million,nuclear,object,operate,operating,output,overheat,passed,paving,percent,photo,plant,plasma,power,practical,produce,radiation,radioactive,reaction,reactor,recent,record,research,science,scientist,second,shape,shaped,short,similar,step,successfully,super,sustainable,team,technique,temperature,test,thats,time,toroidal,torus,tritium,unlimited,unstable,uranium,used,using,vessel,wall,waste,watt,world,year
administration,alabama,america,american,best,better,biden,brown,continues,country,demand,democrat,despite,doesnt,economy,efficient,energy,energyand,farley,ferry,fossil,fuel,generating,good,grid,home,improve,island,know,largest,learn,majority,mile,nation,natural,need,nuclear,outdated,outside,overdue,panic,past,people,permitting,placing,plant,play,policy,politician,politics,poll,pollutant,power,powerand,powered,president,price,priority,problem,production,reactor,rely,role,simply,solar,solution,source,state,support,time,turn,understands,unparalleled,unreliable,valley,voter,want,warm,week,wind,wing,winter,wiregrass,wont,worker,working,world,year,zero
activist,article,attacked,billion,brexit,britain,british,called,campaign,candidate,change,channel,climate,coal,danczuk,democrat,denial,denier,donaldson,dropped,earlier,energy,exploration,extraction,fails,farage,following,form,fossil,fringe,fuel,galloway,george,government,green,greta,iain,ideology,incited,independent,invest,investment,labour,liberal,licensing,like,major,misinformation,month,north,online,party,path,people,plan,pledge,policy,post,presenter,president,publicly,received,record,reduce,referendum,reform,renewable,right,rochdale,russia,said,scale,scaled,science,secure,spiked,spread,standing,support,target,thunberg,tice,time,troop,want,wrote,year,zero
airline,alleged,australia,australian,care,change,city,climate,come,company,crikey,doing,dutton,egypt,equality,expert,family,feel,force,friend,gaza,gender,hidayah,high,indigenous,israel,joyce,keating,know,labor,labour,later,leader,leadership,like,make,median,medium,member,message,minister,national,news,note,paid,palestinian,parliament,party,people,peter,police,policy,political,politician,politics,position,post,pressure,price,qantas,report,reservation,richmond,said,senator,service,sleep,suburb,support,sydney,team,tell,territory,thought,time,trump,turnbull,wallet,woman,year,zainol
asset,build,business,cameco,capacity,cigar,come,commitment,company,conference,continue,contract,contracting,conversion,customer,cycle,demand,discipline,early,environment,expect,exposure,extension,financial,forward,fuel,fundamental,future,gitzel,global,going,good,grant,growth,inkai,isaac,just,lake,level,like,long,look,looking,macarthur,make,market,mean,million,need,nuclear,opportunity,portfolio,positive,potential,pound,price,production,purchase,question,really,related,right,risk,said,service,share,significant,spot,strategy,supply,table,term,thank,thanks,thing,think,tier,time,today,uranium,value,volume,want,westinghouse,work,year
able,additional,american,announced,approved,area,athabasca,basin,canada,common,company,completion,conductive,corp,corridor,current,denison,deposit,development,energy,expected,exploration,fission,forward,frontier,fully,future,global,group,hold,identified,including,industry,information,investing,investment,joint,land,largest,looking,market,material,mcclean,medium,method,million,mining,mljv,news,north,nuclear,nyse,offering,open,operation,orano,owns,package,planned,power,preliminary,press,previously,production,program,project,projected,recently,region,release,report,resource,result,risk,security,sell,share,southwestern,stallion,statement,stock,strategy,survey,target,trend,uranium,year
altogether,article,atomic,bank,battery,betavolt,capacity,catch,charger,charging,china,claim,commercialise,company,concern,constantly,continuously,converter,country,creating,current,cycle,decay,degrade,degree,design,designed,development,device,diamond,drone,economy,electric,electronics,energy,europe,explode,high,independent,institution,isotope,just,lifespan,like,long,mean,medical,micron,miniaturise,multiple,need,nickel,nuclear,phone,plan,portable,power,provide,quest,radiation,radioactive,read,recharging,removing,require,research,response,revolutionise,said,scientist,semiconductor,source,state,strengthen,taken,technology,temperature,term,union,united,unlimited,used,work,working,year
acre,alliance,application,assessment,association,attempt,billion,brookfield,chanceford,chesapeake,clarke,comment,commission,community,conservancy,cost,county,create,cuff,developer,dixon,docket,downhill,emailed,energy,enter,estimate,estimated,farm,farmland,federal,fight,forest,generate,grid,group,harbor,hill,hydroelectric,impact,inflation,information,july,lake,lancaster,land,letter,list,mason,mcmahon,mile,organic,original,permit,phillips,plant,power,preliminary,preserved,process,project,proposal,proposed,provided,public,pumped,region,regional,regulator,regulatory,renewable,reservoir,river,safe,said,schroeder,solar,stabilize,statement,storage,stretch,study,submitted,susquehanna,time,total,township,trail,trust,turbine,view,water,wind,year,york
announced,based,basin,billion,california,carbon,challenge,change,claim,climate,coal,comment,cost,country,court,data,department,difference,different,dioxide,electricity,emission,energy,evidence,food,fossil,fuel,global,government,graph,green,groundwater,high,income,legal,life,like,long,mann,million,model,mojave,opinion,people,period,phase,pistachio,plan,plot,population,power,problem,project,public,rate,renewable,report,required,right,science,security,shown,solar,state,surface,temperature,term,time,transition,trend,used,using,utility,want,warming,water,week,wind,world,year,zero
alternative,analyst,apmdd,asian,building,bypass,climate,construction,debt,department,design,development,disaster,emergency,energy,facility,factored,fast,follow,fossil,fuel,garin,getting,guideline,iaea,instead,international,late,lead,long,make,manila,material,member,movement,need,needed,nuclear,outlined,pagaduan,paolo,particularly,people,philippine,plan,plant,power,primarily,prioritization,prioritize,pursuant,ready,renewable,requirement,risk,rule,rushing,safe,said,senior,solar,standard,star,suggesting,sure,term,told,wait,want,wind,year
according,agency,akkuyu,announced,appeared,applauding,arrest,arrested,attack,authority,bombing,built,ceremony,charge,church,citizen,club,concern,confirmed,conflict,construction,described,detained,disaster,earthquake,erdogan,experienced,face,facility,file,following,groundbreaking,group,identified,individual,investigation,islamic,istanbul,january,jihadist,killing,later,masharipov,mass,member,mersin,month,nato,night,nightclub,nuclear,occurred,opened,operation,people,person,photo,plant,police,power,president,press,project,raid,raised,recent,recep,reconsidered,regime,region,reina,relation,remains,renewed,reportedly,resolved,result,rosatom,russia,russian,said,shooting,site,state,suspected,syria,tayyip,terrorist,time,tuesday,turkey,turkish,work,year
adjusted,aftermarket,analyst,backlog,base,basis,believe,better,billion,booking,business,capital,cash,company,compared,continue,continued,customer,drive,driven,earnings,energy,expect,expectation,financial,flow,flowserve,forward,fourth,going,good,growth,higher,improved,improvement,increase,increased,just,kind,large,level,like,long,look,make,margin,market,million,nearly,operating,operational,opportunity,performance,pleased,point,portfolio,primarily,prior,progress,project,pump,quarter,rate,really,remain,reported,result,revenue,rowe,sale,schwetz,scott,seeing,share,start,strategy,strong,support,target,term,thats,think,time,value,work,working,year
accident,according,advantage,africa,agency,authority,building,capacity,carbon,cent,change,climate,concern,country,course,disaster,electricity,emission,energy,generation,global,impact,international,japan,kenya,knra,mayaka,nuclear,official,oloolua,opening,operate,operationalise,opinion,opposed,option,organisation,partial,partner,partnership,past,phase,planned,planning,plant,point,pollution,popular,postgraduate,power,practice,prevented,process,produce,programme,protecting,protection,provide,public,push,radiation,radiological,reactor,ready,recent,recently,record,reduction,regulatory,restart,rose,safety,said,saying,source,south,stability,stakeholder,state,steady,striving,study,supply,target,technology,time,tonnesof,total,track,underway,united,unlike,urged,virtually,wind,withstanding
alive,animal,bacteria,barrier,blood,body,cause,cell,cellular,chemical,cook,coordinated,defense,disease,dont,energy,example,flow,food,germ,high,human,immune,inflammation,invader,kill,larger,level,like,live,living,mechanism,mitochondrion,molecule,natural,necrosis,need,order,oxygen,particle,pathway,peeling,people,person,philosophy,physically,picking,piece,place,plant,play,pollen,pondering,problem,process,produce,product,question,rampart,reaction,reader,realtime,reason,recently,recurring,reddit,refrigerate,refrigerated,rely,respiration,safe,symbiosis,temperature,term,theyre,theyve,thing,think,thinking,thought,time,tissue,topic,toxic,trillion,triphosphate,turn,typical,used,user,virus,work
accelerationists,america,artificial,attention,backlash,better,book,build,builder,building,capital,code,come,company,concerned,definite,development,digital,disruption,dont,effective,effort,energy,engineer,face,financial,founder,future,google,government,indefinite,industry,innovation,instead,institute,intelligence,jezos,just,like,make,medium,movement,optimism,optimist,people,philosophy,place,plan,policy,political,powerful,problem,progress,pseudonymous,public,published,relationship,research,right,risk,safety,science,self,social,society,software,space,startup,state,tech,technical,technological,technologist,technology,thiel,think,time,today,twitter,united,want,work,working,world,year
